which,slope,intercept
stage1_MC,0.9901297985817702,0.008276480692370084
final_fair,0.723106852239348,0.26305653709908167
