model,R2,MAPE,bp_error,MAE,RMSE,Spearman,n
stage1_deeponet_alone,0.8811,0.0058,55.5,0.00555,0.00906,0.9638,9392
final_theory_mlp,0.8826,0.0057,54.9,0.00549,0.00899,0.9644,9392
stage2_mc_resid_mlp,-0.2349,1.1507,54.9,0.00549,0.00899,0.2459,9392
final_theory_xgb,0.8792,0.0058,55.6,0.00556,0.00908,0.9628,9392
stage2_mc_resid_xgb,-0.2928,1.4391,55.6,0.00556,0.00908,0.1229,9392
